{
    "probab": {
        "precision": 0.0004432848721291951,
        "recall": 1.0,
        "map": 0.2932643038711488,
        "interpol": {
            "precision": [
                0.561066389880682,
                0.49203036583179577,
                0.4160589262953416,
                0.3808895082377765,
                0.3404258302913874,
                0.3162661326260368,
                0.27092716202464046,
                0.2493459906503207,
                0.19668845895616982,
                0.16884398739368625,
                0.13865475532901056
            ],
            "recall": [
                0.0,
                0.1,
                0.2,
                0.3,
                0.4,
                0.5,
                0.6,
                0.7,
                0.8,
                0.9,
                1.0
            ]
        },
        "ndcg": [
            1.0,
            1.0,
            1.0,
            1.0,
            1.0,
            1.0,
            1.0,
            1.0,
            1.0,
            1.0,
            1.0,
            1.0,
            1.0,
            1.0,
            1.0
        ]
    },
    "vectorial": {
        "precision": 0.0009150494930281292,
        "recall": 0.9965944272445819,
        "map": 0.28730408717484923,
        "interpol": {
            "precision": [
                0.5546578114856208,
                0.4895539108266589,
                0.4270969924798411,
                0.37579626235776753,
                0.3332007452234642,
                0.3111363632096775,
                0.2611316827435,
                0.2295649570183694,
                0.18944977944715632,
                0.14082248135963207,
                0.10547999872334773
            ],
            "recall": [
                0.0,
                0.1,
                0.2,
                0.3,
                0.4,
                0.5,
                0.6,
                0.7,
                0.8,
                0.9,
                1.0
            ]
        },
        "ndcg": [
            0.9444444444444445,
            0.9444444444444445,
            0.9413171373236219,
            0.9482436823125847,
            0.9540795179111763,
            0.9577850656253427,
            0.9604946151118446,
            0.9621975132454137,
            0.9643010994933848,
            0.9697451414862364,
            0.9742713943053407,
            0.9753961796630484,
            0.9760211503747473,
            0.9794869788871138,
            0.9799603496860002
        ]
    }
}