{
    "probab": {
        "precision": 0.00012052497600826027,
        "recall": 0.3,
        "map": 0.028961035332973447,
        "interpol": {
            "precision": [
                0.08796071984197576,
                0.06435234161532544,
                0.04631302254151014,
                0.039339554265146265,
                0.03597688405126312,
                0.03351930291033457,
                0.02456478128939501,
                0.02115494365708951,
                0.005964356387156407,
                0.005618237319866466,
                0.005555501912456386
            ],
            "recall": [
                0.0,
                0.1,
                0.2,
                0.3,
                0.4,
                0.5,
                0.6,
                0.7,
                0.8,
                0.9,
                1.0
            ]
        },
        "ndcg": [
            1.0,
            1.0,
            1.0,
            1.0,
            1.0,
            1.0,
            1.0,
            1.0,
            1.0,
            1.0,
            1.0,
            1.0,
            1.0,
            1.0,
            1.0
        ]
    },
    "vectorial": {
        "precision": 0.00010006504006844459,
        "recall": 0.3,
        "map": 0.04823758183683076,
        "interpol": {
            "precision": [
                0.09319383254095773,
                0.08446212522388453,
                0.06307626059429129,
                0.059400341861928566,
                0.05743055450093216,
                0.05536585125575498,
                0.04758503029339359,
                0.04409638623260416,
                0.027904186124824502,
                0.022520664386280503,
                0.021250683372797743
            ],
            "recall": [
                0.0,
                0.1,
                0.2,
                0.3,
                0.4,
                0.5,
                0.6,
                0.7,
                0.8,
                0.9,
                1.0
            ]
        },
        "ndcg": [
            1.0,
            1.0,
            1.0,
            1.0,
            1.0,
            1.0,
            1.0,
            1.0,
            1.0,
            1.0,
            1.0,
            1.0,
            1.0,
            1.0,
            1.0
        ]
    }
}