{
    "probab": {
        "precision": 0.0016655631037601544,
        "recall": 0.9899597523219813,
        "map": 0.2363609493647284,
        "interpol": {
            "precision": [
                0.546545608570208,
                0.47672026047656724,
                0.3596307845247219,
                0.3192422080090397,
                0.273536494877167,
                0.24776115754749012,
                0.19325636296411777,
                0.16850954790555753,
                0.1374843308094168,
                0.11664658440565416,
                0.08244263814989852
            ],
            "recall": [
                0.0,
                0.1,
                0.2,
                0.3,
                0.4,
                0.5,
                0.6,
                0.7,
                0.8,
                0.9,
                1.0
            ]
        },
        "ndcg": [
            0.9473684210526315,
            0.9393939393939393,
            0.9330710565056238,
            0.9529692608478033,
            0.9570516155509924,
            0.9598677868677072,
            0.9626257699281899,
            0.9650758957567869,
            0.9667927749623565,
            0.9728831412519089,
            0.9782830426917525,
            0.9790252043146808,
            0.9796248290475391,
            0.9799726181459457,
            0.9804284042597301
        ]
    },
    "vectorial": {
        "precision": 0.0016656544186062566,
        "recall": 0.9899597523219813,
        "map": 0.2512752835822571,
        "interpol": {
            "precision": [
                0.4933892903424136,
                0.4061822595215721,
                0.3590462381546066,
                0.3202277045899131,
                0.29168587967250437,
                0.27031093325057304,
                0.24318947924032347,
                0.19918216150425028,
                0.17202268909988827,
                0.12910961499490034,
                0.09444568277490996
            ],
            "recall": [
                0.0,
                0.1,
                0.2,
                0.3,
                0.4,
                0.5,
                0.6,
                0.7,
                0.8,
                0.9,
                1.0
            ]
        },
        "ndcg": [
            0.9285714285714285,
            0.9310344827586208,
            0.9304594242414056,
            0.9285714285714285,
            0.9393056519776041,
            0.943539773292858,
            0.9472658885912548,
            0.9513619326783508,
            0.9577132163240105,
            0.9638681592423882,
            0.9692972808198634,
            0.9741409495626671,
            0.974596962071387,
            0.9750250168566317,
            0.9758191748755225
        ]
    }
}