{
    "probab": {
        "precision": 0.0010177028997661365,
        "recall": 0.9965944272445819,
        "map": 0.30124609739397523,
        "interpol": {
            "precision": [
                0.5664038341012826,
                0.5010138223717185,
                0.4258713893657432,
                0.3928690152621491,
                0.34543167029238847,
                0.3260321188024678,
                0.2790999353670352,
                0.24972071970288576,
                0.20968761188404061,
                0.1836106582491632,
                0.1529763062885454
            ],
            "recall": [
                0.0,
                0.1,
                0.2,
                0.3,
                0.4,
                0.5,
                0.6,
                0.7,
                0.8,
                0.9,
                1.0
            ]
        },
        "ndcg": [
            1.0,
            1.0,
            1.0,
            1.0,
            1.0,
            1.0,
            1.0,
            1.0,
            1.0,
            1.0,
            1.0,
            1.0,
            1.0,
            1.0,
            1.0
        ]
    },
    "vectorial": {
        "precision": 0.001017895002516376,
        "recall": 0.9965944272445819,
        "map": 0.2859171662020958,
        "interpol": {
            "precision": [
                0.5524923671187005,
                0.4875820129708675,
                0.4196716888142579,
                0.3725717595609646,
                0.3269869637468253,
                0.3056740756280856,
                0.26244792237053993,
                0.231811473011103,
                0.18874192060420547,
                0.1404662834362555,
                0.1053396162878597
            ],
            "recall": [
                0.0,
                0.1,
                0.2,
                0.3,
                0.4,
                0.5,
                0.6,
                0.7,
                0.8,
                0.9,
                1.0
            ]
        },
        "ndcg": [
            0.9444444444444445,
            0.942857142857143,
            0.9543722938228858,
            0.9598659656095014,
            0.9639196350457152,
            0.9671310777532588,
            0.9689488356348331,
            0.9707644324607723,
            0.9725374055563684,
            0.9775076920412861,
            0.9820225347070679,
            0.9826399877887921,
            0.9831447473602271,
            0.9834564228627534,
            0.983891831401175
        ]
    }
}
